{
  "name": "ums",
  "version": "0.0.0",
  "scripts": {
    "ng": "ng",
    "start": "ng serve",
    "build": "ng build",
    "watch": "ng build --watch --configuration development",
    "test": "ng test",
    "lint": "ng lint",
    "api": "json-server api/db.json --routes api/routes.json --no-cors=true"
  },
  "private": true,
  "dependencies": {
    "@angular/animations": "~12.2.0",
    "@angular/cdk": "^12.2.13",
    "@angular/common": "~12.2.0",
    "@angular/compiler": "~12.2.0",
    "@angular/core": "~12.2.0",
    "@angular/forms": "~12.2.0",
    "@angular/material": "^12.2.13",
    "@angular/platform-browser": "~12.2.0",
    "@angular/platform-browser-dynamic": "~12.2.0",
    "@angular/router": "~12.2.0",
    "rxjs": "~6.6.0",
    "tslib": "^2.3.0",
    "zone.js": "~0.11.4"
  },
  "devDependencies": {
    "@angular-devkit/build-angular": "~12.2.2",
    "@angular-eslint/builder": "12.7.0",
    "@angular-eslint/eslint-plugin": "12.7.0",
    "@angular-eslint/eslint-plugin-template": "12.7.0",
    "@angular-eslint/schematics": "12.7.0",
    "@angular-eslint/template-parser": "12.7.0",
    "@angular/cli": "~12.2.2",
    "@angular/compiler-cli": "~12.2.0",
    "@types/jasmine": "~3.8.0",
    "@types/node": "^12.11.1",
    "@typescript-eslint/eslint-plugin": "4.28.2",
    "@typescript-eslint/parser": "4.28.2",
    "eslint": "^7.26.0",
    "jasmine-core": "~3.8.0",
    "karma": "~6.3.0",
    "karma-chrome-launcher": "~3.1.0",
    "karma-coverage": "~2.0.3",
    "karma-jasmine": "~4.0.0",
    "karma-jasmine-html-reporter": "~1.7.0",
    "typescript": "~4.3.5"
  }
}